{"cameraMode":{"drawMode":0,"name":"Shaded","section":"Shading Mode"},"sceneLighting":true,"audioPlay":false,"sceneViewState":{"showFog":true,"showMaterialUpdate":false,"showSkybox":true,"showFlares":true,"showImageEffects":true,"showParticleSystems":true,"showVisualEffectGraphs":true,"m_FxEnabled":true},"in2DMode":false,"pivot":{"x":-20.18113136291504,"y":-3.049335479736328,"z":10.998690605163575},"rotation":{"x":0.23707996308803559,"y":0.017485978081822397,"z":-0.004268355201929808,"w":0.9713257551193237},"size":6.665562629699707,"orthographic":false}